Name,Email,Company,Occupation,Profile
Isadora Nun,isadora@thenotcompany.com,notco,data scientist,https://www.linkedin.com/in/isadora-nun-79b02030?miniProfileUrn=urn%3Ali%3Afs_miniProfile%3AACoAAAZo5mcBlZpYVmiXeZa5l6kknqo5En_10i0
Aadit Patel,aadit@thenotcompany.com,notco,data scientist,https://www.linkedin.com/in/aaditpatel?miniProfileUrn=urn%3Ali%3Afs_miniProfile%3AACoAAAu9k8kBwVD1flyEtygZ0x5Z_QaDpqSjqoA
Nathan McCready,nathan.mccready@notco.com,notco,data scientist,https://www.linkedin.com/in/mccreadynathan?miniProfileUrn=urn%3Ali%3Afs_miniProfile%3AACoAAAtvbNMBp5Y-S7RZI0FS1CWScKg2aDN_iQE
Gabriela Luna,gabriela.luna@thenotcompany.com,notco,data scientist,https://www.linkedin.com/in/gabriela-calzada-luna?miniProfileUrn=urn%3Ali%3Afs_miniProfile%3AACoAAA7LEsUBu1pvapG2dThFoUK4tYkmWAm8krw
Angel-Matias Correa,amorales@smu.cl,notco,data scientist,https://www.linkedin.com/in/angel-matias-morales-correa-a173668a?miniProfileUrn=urn%3Ali%3Afs_miniProfile%3AACoAABLrGDMBrFUcDAbHcCj1_5Q3k-CZNWrAbUk
Maritza Diaz,NaN,notco,data scientist,https://www.linkedin.com/in/maritza-sirven-diaz-041344a7?miniProfileUrn=urn%3Ali%3Afs_miniProfile%3AACoAABanMzEBHDyjZUqZ47hiSgTjIRqars3K5Xs
Corey Abesa,corey.abesa@thenotcompany.com,notco,data scientist,https://www.linkedin.com/in/corey-abesa?miniProfileUrn=urn%3Ali%3Afs_miniProfile%3AACoAACFPDPoBSsHP90ZulxqcTWGTS3YeHUBgUnU
Francisco Herrera,francisco.clavero@thenotcompany.com,notco,data scientist,https://www.linkedin.com/in/francisco-clavero-herrera-8384825a?miniProfileUrn=urn%3Ali%3Afs_miniProfile%3AACoAAAyHKiwBAAoQcPArGJcBm97kgTVpB4G1r0Y
Rob Hallinan,NaN,notco,data scientist,https://www.linkedin.com/in/robhallinan?miniProfileUrn=urn%3Ali%3Afs_miniProfile%3AACoAABQ4PLsBEvESc2T16R4AepoLr4yeRaBUR5A
Sarvesh Vilekar,sarvesh.vilekar@notco.com,notco,data scientist,https://www.linkedin.com/in/sarvesh-vilekar?miniProfileUrn=urn%3Ali%3Afs_miniProfile%3AACoAACc08c4BSfpt_8iClG2emCFYVD1HW4eMN3c
