Name,Email,Company,Occupation,Profile
https://www.linkedin.com/in/aaditpatel?miniProfileUrn=urn%3Ali%3Afs_miniProfile%3AACoAAAu9k8kBwVD1flyEtygZ0x5Z_QaDpqSjqoA,https://www.linkedin.com/in/aaditpatel?miniProfileUrn=urn%3Ali%3Afs_miniProfile%3AACoAAAu9k8kBwVD1flyEtygZ0x5Z_QaDpqSjqoA,notco,data scientist,https://www.linkedin.com/in/aaditpatel?miniProfileUrn=urn%3Ali%3Afs_miniProfile%3AACoAAAu9k8kBwVD1flyEtygZ0x5Z_QaDpqSjqoA
https://www.linkedin.com/in/isadora-nun-79b02030?miniProfileUrn=urn%3Ali%3Afs_miniProfile%3AACoAAAZo5mcBlZpYVmiXeZa5l6kknqo5En_10i0,https://www.linkedin.com/in/isadora-nun-79b02030?miniProfileUrn=urn%3Ali%3Afs_miniProfile%3AACoAAAZo5mcBlZpYVmiXeZa5l6kknqo5En_10i0,notco,data scientist,https://www.linkedin.com/in/isadora-nun-79b02030?miniProfileUrn=urn%3Ali%3Afs_miniProfile%3AACoAAAZo5mcBlZpYVmiXeZa5l6kknqo5En_10i0
https://www.linkedin.com/in/mccreadynathan?miniProfileUrn=urn%3Ali%3Afs_miniProfile%3AACoAAAtvbNMBp5Y-S7RZI0FS1CWScKg2aDN_iQE,https://www.linkedin.com/in/mccreadynathan?miniProfileUrn=urn%3Ali%3Afs_miniProfile%3AACoAAAtvbNMBp5Y-S7RZI0FS1CWScKg2aDN_iQE,notco,data scientist,https://www.linkedin.com/in/mccreadynathan?miniProfileUrn=urn%3Ali%3Afs_miniProfile%3AACoAAAtvbNMBp5Y-S7RZI0FS1CWScKg2aDN_iQE
https://www.linkedin.com/in/gabriela-calzada-luna?miniProfileUrn=urn%3Ali%3Afs_miniProfile%3AACoAAA7LEsUBu1pvapG2dThFoUK4tYkmWAm8krw,https://www.linkedin.com/in/gabriela-calzada-luna?miniProfileUrn=urn%3Ali%3Afs_miniProfile%3AACoAAA7LEsUBu1pvapG2dThFoUK4tYkmWAm8krw,notco,data scientist,https://www.linkedin.com/in/gabriela-calzada-luna?miniProfileUrn=urn%3Ali%3Afs_miniProfile%3AACoAAA7LEsUBu1pvapG2dThFoUK4tYkmWAm8krw
https://www.linkedin.com/in/maritza-sirven-diaz-041344a7?miniProfileUrn=urn%3Ali%3Afs_miniProfile%3AACoAABanMzEBHDyjZUqZ47hiSgTjIRqars3K5Xs,https://www.linkedin.com/in/maritza-sirven-diaz-041344a7?miniProfileUrn=urn%3Ali%3Afs_miniProfile%3AACoAABanMzEBHDyjZUqZ47hiSgTjIRqars3K5Xs,notco,data scientist,https://www.linkedin.com/in/maritza-sirven-diaz-041344a7?miniProfileUrn=urn%3Ali%3Afs_miniProfile%3AACoAABanMzEBHDyjZUqZ47hiSgTjIRqars3K5Xs
https://www.linkedin.com/in/corey-abesa?miniProfileUrn=urn%3Ali%3Afs_miniProfile%3AACoAACFPDPoBSsHP90ZulxqcTWGTS3YeHUBgUnU,https://www.linkedin.com/in/corey-abesa?miniProfileUrn=urn%3Ali%3Afs_miniProfile%3AACoAACFPDPoBSsHP90ZulxqcTWGTS3YeHUBgUnU,notco,data scientist,https://www.linkedin.com/in/corey-abesa?miniProfileUrn=urn%3Ali%3Afs_miniProfile%3AACoAACFPDPoBSsHP90ZulxqcTWGTS3YeHUBgUnU
https://www.linkedin.com/in/vicente-oyanedel?miniProfileUrn=urn%3Ali%3Afs_miniProfile%3AACoAAB9RaDsB-HZfPrJxux77195Ac6etkxUHxyI,https://www.linkedin.com/in/vicente-oyanedel?miniProfileUrn=urn%3Ali%3Afs_miniProfile%3AACoAAB9RaDsB-HZfPrJxux77195Ac6etkxUHxyI,notco,data scientist,https://www.linkedin.com/in/vicente-oyanedel?miniProfileUrn=urn%3Ali%3Afs_miniProfile%3AACoAAB9RaDsB-HZfPrJxux77195Ac6etkxUHxyI
https://www.linkedin.com/in/francisco-clavero-herrera-8384825a?miniProfileUrn=urn%3Ali%3Afs_miniProfile%3AACoAAAyHKiwBAAoQcPArGJcBm97kgTVpB4G1r0Y,https://www.linkedin.com/in/francisco-clavero-herrera-8384825a?miniProfileUrn=urn%3Ali%3Afs_miniProfile%3AACoAAAyHKiwBAAoQcPArGJcBm97kgTVpB4G1r0Y,notco,data scientist,https://www.linkedin.com/in/francisco-clavero-herrera-8384825a?miniProfileUrn=urn%3Ali%3Afs_miniProfile%3AACoAAAyHKiwBAAoQcPArGJcBm97kgTVpB4G1r0Y
https://www.linkedin.com/in/sarvesh-vilekar?miniProfileUrn=urn%3Ali%3Afs_miniProfile%3AACoAACc08c4BSfpt_8iClG2emCFYVD1HW4eMN3c,https://www.linkedin.com/in/sarvesh-vilekar?miniProfileUrn=urn%3Ali%3Afs_miniProfile%3AACoAACc08c4BSfpt_8iClG2emCFYVD1HW4eMN3c,notco,data scientist,https://www.linkedin.com/in/sarvesh-vilekar?miniProfileUrn=urn%3Ali%3Afs_miniProfile%3AACoAACc08c4BSfpt_8iClG2emCFYVD1HW4eMN3c
