Name,Email,Company,Occupation,Profile
Rachel Li,NaN,Atlassian,software engineer,https://www.linkedin.com/in/rachelli429?miniProfileUrn=urn%3Ali%3Afs_miniProfile%3AACoAACihAQMBvQr3hxy2lmiwAMqrd0yD8XZNfDA
Grace Xin,gxin@atlassian.com,Atlassian,software engineer,https://www.linkedin.com/in/gracexin?miniProfileUrn=urn%3Ali%3Afs_miniProfile%3AACoAAC_XQRkBOTjo7rW7B5wa60sVqFAy_emP_9U
Andrew Wang,Verifying,Atlassian,software engineer,https://www.linkedin.com/in/awang0708?miniProfileUrn=urn%3Ali%3Afs_miniProfile%3AACoAADLPZhgBYwC0cWtu9MqpdLE0Nkhj4vAdzQ0
Samaya Mammadsoy,smammadsoy@atlassian.com,Atlassian,software engineer,https://www.linkedin.com/in/samaya-mammadsoy-179884249?miniProfileUrn=urn%3Ali%3Afs_miniProfile%3AACoAAD2IE-0BsdaCyz7d5O1aq1m2jCIBpfWZA2c
Adam Johnson,ajohnson4@atlassian.com,Atlassian,software engineer,https://www.linkedin.com/in/adamjohnson14?miniProfileUrn=urn%3Ali%3Afs_miniProfile%3AACoAADMHQRkBM6kkpfBmXt84nnIwx-u21SNbY2Q
Gabe Espinosa,gespinosa@atlassian.com,Atlassian,software engineer,https://www.linkedin.com/in/gabe-jt5?miniProfileUrn=urn%3Ali%3Afs_miniProfile%3AACoAACwbml4BL1HwrcfP89byCjmEF0Hqo2oylJI
Sohrob Eslamieh,seslamieh@atlassian.com,Atlassian,software engineer,https://www.linkedin.com/in/sohrob-eslamieh?miniProfileUrn=urn%3Ali%3Afs_miniProfile%3AACoAAAipCEEBnvxX4zJsyZQBxonW824svT-0hW0
Jessica Plotkin,jplotkin@atlassian.com,Atlassian,software engineer,https://www.linkedin.com/in/jessica-plotkin?miniProfileUrn=urn%3Ali%3Afs_miniProfile%3AACoAAC2iDxoBV50F_qQG27bJjh-Xu7nK2tUq-GQ
Shivam Dave,sdave@atlassian.com,Atlassian,software engineer,https://www.linkedin.com/in/shivamdave98?miniProfileUrn=urn%3Ali%3Afs_miniProfile%3AACoAAAR0ay4BPgtZab_NQkZrl0XVcI4GVmaswSI
Tian Li,tli@atlassian.com,Atlassian,software engineer,https://www.linkedin.com/in/tian-li-186910169?miniProfileUrn=urn%3Ali%3Afs_miniProfile%3AACoAACguDfYBwge-oTgUVXH3z0zosfjZHYYirtY
